"id";"grupo";"caixa";"porta_cto";"status";"rn"
1676411;547;1769;1;L;2
1676476;547;1769;2;L;2
1676477;547;1769;3;L;2
1676478;547;1769;4;L;2
1676479;547;1769;5;L;2
1676480;547;1769;6;L;2
1676481;547;1769;7;L;2
1676482;547;1769;8;L;2
1676483;547;1770;1;L;2
1676484;547;1770;2;L;2
1676485;547;1770;3;L;2
1676486;547;1770;4;L;2
1676487;547;1770;5;L;2
1676488;547;1770;6;L;2
1676489;547;1770;7;L;2
1676426;547;1770;8;L;2
1676491;547;1771;1;L;2
1676492;547;1771;2;L;2
1676493;547;1771;3;L;2
1676494;547;1771;4;L;2
1676495;547;1771;5;L;2
1676496;547;1771;6;L;2
1676497;547;1771;7;L;2
1676498;547;1771;8;L;2
1676499;547;1772;1;A;2
1676500;547;1772;2;L;2
1676501;547;1772;3;L;2
1676502;547;1772;4;L;2
1676503;547;1772;5;L;2
1676504;547;1772;6;L;2
1676505;547;1772;7;L;2
1676506;547;1772;8;L;2
1676507;547;1773;1;L;2
1676508;547;1773;2;L;2
1676509;547;1773;3;L;2
1676510;547;1773;4;L;2
1676511;547;1773;5;L;2
1676512;547;1773;6;L;2
1676513;547;1773;7;L;2
1676514;547;1773;8;L;2
1676515;547;1774;1;A;2
1676516;547;1774;2;A;2
1676517;547;1774;3;L;2
1676518;547;1774;4;L;2
1676519;547;1774;5;L;2
1676520;547;1774;6;L;2
1676521;547;1774;7;L;2
1676522;547;1774;8;L;2
1676523;547;1775;1;L;2
1676524;547;1775;2;L;2
1676525;547;1775;3;L;2
1676526;547;1775;4;L;2
1676527;547;1775;5;L;2
1676528;547;1775;6;L;2
1676529;547;1775;7;L;2
1676530;547;1775;8;L;2
1676531;547;1776;1;L;2
1676532;547;1776;2;L;2
1676533;547;1776;3;L;2
1676534;547;1776;4;L;2
1676535;547;1776;5;L;2
1676536;547;1776;6;L;2
1676537;547;1776;7;L;2
1676538;547;1776;8;L;2
2035125;1055;1;1;L;2
2035126;1055;1;2;L;2
2035127;1055;1;3;L;2
2035128;1055;1;4;A;2
2035129;1055;1;5;L;2
2035130;1055;1;6;L;2
2035131;1055;1;7;L;2
2035132;1055;1;8;L;2
2035133;1055;2;1;L;2
2035134;1055;2;2;L;2
2035135;1055;2;3;L;2
2035136;1055;2;4;L;2
2035137;1055;2;5;L;2
2035138;1055;2;6;L;2
2035139;1055;2;7;L;2
2035140;1055;2;8;L;2
2035141;1055;3;1;L;2
2035142;1055;3;2;L;2
2035143;1055;3;3;L;2
2035144;1055;3;4;L;2
2035145;1055;3;5;L;2
2035146;1055;3;6;L;2
2035147;1055;3;7;L;2
2035148;1055;3;8;L;2
2035149;1055;4;1;L;2
2035150;1055;4;2;L;2
2035151;1055;4;3;L;2
2035152;1055;4;4;L;2
2035153;1055;4;5;L;2
2035154;1055;4;6;L;2
2035155;1055;4;7;L;2
2035156;1055;4;8;L;2
2035157;1055;5;1;L;2
2035158;1055;5;2;L;2
2035159;1055;5;3;L;2
2035160;1055;5;4;L;2
2035161;1055;5;5;L;2
2035162;1055;5;6;L;2
2035163;1055;5;7;L;2
2035164;1055;5;8;L;2
2035165;1055;6;1;L;2
2035166;1055;6;2;L;2
2035167;1055;6;3;L;2
2035168;1055;6;4;L;2
2035169;1055;6;5;L;2
2035170;1055;6;6;L;2
2035171;1055;6;7;L;2
2035172;1055;6;8;L;2
1645391;1055;7;1;L;2
1645392;1055;7;2;L;2
1645393;1055;7;3;L;2
1645394;1055;7;4;L;2
1645395;1055;7;5;L;2
1645396;1055;7;6;L;2
1645397;1055;7;7;L;2
1645398;1055;7;8;L;2
2035173;1055;8;1;L;2
2035174;1055;8;2;L;2
2035175;1055;8;3;L;2
2035176;1055;8;4;L;2
2035177;1055;8;5;L;2
2035178;1055;8;6;L;2
2035179;1055;8;7;A;2
2035180;1055;8;8;L;2
2035181;1055;9;1;L;2
2035182;1055;9;2;L;2
2035183;1055;9;3;L;2
2035184;1055;9;4;L;2
2035185;1055;9;5;L;2
2035186;1055;9;6;L;2
2035187;1055;9;7;L;2
2035188;1055;9;8;L;2
2035189;1055;10;1;L;2
2035190;1055;10;2;L;2
2035191;1055;10;3;L;2
2035192;1055;10;4;L;2
2035193;1055;10;5;L;2
2035194;1055;10;6;L;2
2035195;1055;10;7;L;2
2035196;1055;10;8;L;2
2035197;1055;11;1;L;2
2035198;1055;11;2;L;2
2035199;1055;11;3;L;2
2035200;1055;11;4;L;2
2035201;1055;11;5;L;2
2035202;1055;11;6;L;2
2035203;1055;11;7;L;2
2035204;1055;11;8;L;2
2035205;1055;12;1;L;2
2035206;1055;12;2;L;2
2035207;1055;12;3;L;2
2035208;1055;12;4;L;2
2035209;1055;12;5;L;2
2035210;1055;12;6;L;2
2035211;1055;12;7;L;2
2035212;1055;12;8;L;2
2035213;1055;13;1;L;2
2035214;1055;13;2;L;2
2035215;1055;13;3;L;2
2035216;1055;13;4;L;2
2035217;1055;13;5;L;2
2035218;1055;13;6;L;2
2035219;1055;13;7;L;2
2035220;1055;13;8;L;2
2035221;1055;14;1;A;2
2035222;1055;14;2;L;2
2035223;1055;14;3;L;2
2035224;1055;14;4;L;2
2035225;1055;14;5;L;2
2035226;1055;14;6;L;2
2035227;1055;14;7;L;2
2035228;1055;14;8;L;2
2035229;1055;15;1;L;2
2035230;1055;15;2;L;2
2035231;1055;15;3;L;2
2035232;1055;15;4;L;2
2035233;1055;15;5;L;2
2035234;1055;15;6;L;2
2035235;1055;15;7;L;2
2035236;1055;15;8;L;2
2035237;1055;16;1;L;2
2035238;1055;16;2;L;2
2035239;1055;16;3;L;2
2035240;1055;16;4;L;2
2035241;1055;16;5;L;2
2035242;1055;16;6;L;2
2035243;1055;16;7;L;2
2035244;1055;16;8;L;2
2035245;1055;17;1;L;2
2035246;1055;17;2;L;2
2035247;1055;17;3;L;2
2035248;1055;17;4;L;2
2035249;1055;17;5;L;2
2035250;1055;17;6;L;2
2035251;1055;17;7;L;2
2035252;1055;17;8;L;2
2035253;1055;18;1;L;2
2035254;1055;18;2;L;2
2035255;1055;18;3;L;2
2035256;1055;18;4;L;2
2035257;1055;18;5;L;2
2035258;1055;18;6;L;2
2035259;1055;18;7;L;2
2035260;1055;18;8;L;2
2035261;1055;19;1;L;2
156180;1055;19;2;L;2
2035263;1055;19;3;L;2
2035264;1055;19;4;L;2
2035265;1055;19;5;L;2
2035266;1055;19;6;L;2
2035267;1055;19;7;L;2
2035268;1055;19;8;L;2
2035269;1055;20;1;L;2
2035270;1055;20;2;L;2
2035271;1055;20;3;L;2
2035272;1055;20;4;L;2
2035273;1055;20;5;L;2
2035274;1055;20;6;L;2
2035275;1055;20;7;L;2
2035276;1055;20;8;L;2
2035277;1055;21;1;L;2
2035278;1055;21;2;L;2
2035279;1055;21;3;L;2
2035280;1055;21;4;L;2
2035281;1055;21;5;L;2
2035282;1055;21;6;L;2
2035283;1055;21;7;L;2
2035284;1055;21;8;L;2
2035285;1055;22;1;L;2
2035286;1055;22;2;L;2
2035287;1055;22;3;L;2
2035288;1055;22;4;L;2
2035289;1055;22;5;L;2
2035290;1055;22;6;L;2
2035291;1055;22;7;L;2
2035292;1055;22;8;L;2
2035293;1055;23;1;L;2
2035294;1055;23;2;L;2
2035295;1055;23;3;L;2
2035296;1055;23;4;L;2
2035297;1055;23;5;L;2
2035298;1055;23;6;L;2
2035299;1055;23;7;L;2
2035300;1055;23;8;L;2
2035301;1055;24;1;L;2
2035302;1055;24;2;L;2
2035303;1055;24;3;L;2
2035304;1055;24;4;L;2
2035305;1055;24;5;L;2
2035306;1055;24;6;L;2
2035307;1055;24;7;L;2
2035308;1055;24;8;L;2
2035349;1055;25;1;L;2
2035350;1055;25;2;L;2
2035351;1055;25;3;L;2
2035352;1055;25;4;L;2
2035353;1055;25;5;L;2
2035354;1055;25;6;L;2
2035355;1055;25;7;A;2
2035356;1055;25;8;L;2
2035357;1055;26;1;L;2
2035358;1055;26;2;L;2
2035359;1055;26;3;L;2
2035360;1055;26;4;L;2
2035361;1055;26;5;L;2
2035362;1055;26;6;L;2
2035363;1055;26;7;L;2
2035364;1055;26;8;L;2
2035365;1055;27;1;A;2
2035366;1055;27;2;L;2
2035367;1055;27;3;L;2
2035368;1055;27;4;L;2
2035369;1055;27;5;L;2
2035370;1055;27;6;L;2
2035371;1055;27;7;L;2
2035372;1055;27;8;L;2
2035373;1055;28;1;L;2
2035374;1055;28;2;L;2
2035375;1055;28;3;L;2
2035376;1055;28;4;L;2
2035377;1055;28;5;L;2
2035378;1055;28;6;L;2
2035379;1055;28;7;L;2
2035380;1055;28;8;L;2
2035381;1055;29;1;L;2
156260;1055;29;2;L;2
2035383;1055;29;3;L;2
2035384;1055;29;4;L;2
2035385;1055;29;5;L;2
2035386;1055;29;6;L;2
2035387;1055;29;7;L;2
2035388;1055;29;8;L;2
2035389;1055;30;1;L;2
2035390;1055;30;2;L;2
2035391;1055;30;3;L;2
2035392;1055;30;4;L;2
2035393;1055;30;5;L;2
2035394;1055;30;6;L;2
2035395;1055;30;7;L;2
2035396;1055;30;8;L;2
2035397;1055;31;1;L;2
2035398;1055;31;2;L;2
2035399;1055;31;3;L;2
2035400;1055;31;4;L;2
2035401;1055;31;5;L;2
2035402;1055;31;6;L;2
2035403;1055;31;7;L;2
2035404;1055;31;8;L;2
2035405;1055;32;1;L;2
2035406;1055;32;2;L;2
2035407;1055;32;3;L;2
2035408;1055;32;4;L;2
2035409;1055;32;5;L;2
2035410;1055;32;6;L;2
2035411;1055;32;7;L;2
2035412;1055;32;8;L;2
2035413;1055;33;1;L;2
2035414;1055;33;2;L;2
2035415;1055;33;3;L;2
2035416;1055;33;4;L;2
2035417;1055;33;5;L;2
2035418;1055;33;6;L;2
2035419;1055;33;7;L;2
2035420;1055;33;8;L;2
2035421;1055;34;1;L;2
2035422;1055;34;2;L;2
2035423;1055;34;3;L;2
2035424;1055;34;4;L;2
2035425;1055;34;5;L;2
2035426;1055;34;6;L;2
2035427;1055;34;7;L;2
2035428;1055;34;8;L;2
2035429;1055;35;1;L;2
2035430;1055;35;2;L;2
2035431;1055;35;3;L;2
2035432;1055;35;4;L;2
2035433;1055;35;5;L;2
2035434;1055;35;6;L;2
2035435;1055;35;7;L;2
2035436;1055;35;8;L;2
2035437;1055;36;1;L;2
2035438;1055;36;2;L;2
2035439;1055;36;3;L;2
2035440;1055;36;4;L;2
2035441;1055;36;5;L;2
2035442;1055;36;6;L;2
2035443;1055;36;7;L;2
2035444;1055;36;8;L;2
2035445;1055;37;1;L;2
2035446;1055;37;2;L;2
2035447;1055;37;3;L;2
2035448;1055;37;4;A;2
2035449;1055;37;5;L;2
2035450;1055;37;6;L;2
2035451;1055;37;7;L;2
2035452;1055;37;8;L;2
2035453;1055;38;1;L;2
2035454;1055;38;2;L;2
2035455;1055;38;3;L;2
2035456;1055;38;4;L;2
2035457;1055;38;5;L;2
2035458;1055;38;6;L;2
2035459;1055;38;7;L;2
2035460;1055;38;8;L;2
2035461;1055;39;1;L;2
2035462;1055;39;2;L;2
2035463;1055;39;3;L;2
2035464;1055;39;4;L;2
2035465;1055;39;5;L;2
2035466;1055;39;6;L;2
2035467;1055;39;7;L;2
2035468;1055;39;8;L;2
2035469;1055;40;1;L;2
2035470;1055;40;2;L;2
2035471;1055;40;3;L;2
2035472;1055;40;4;L;2
2035473;1055;40;5;L;2
2035474;1055;40;6;L;2
2035475;1055;40;7;L;2
2035476;1055;40;8;L;2
2035477;1055;41;1;A;2
2035478;1055;41;2;L;2
2035479;1055;41;3;L;2
2035480;1055;41;4;L;2
156359;1055;41;5;L;2
2035482;1055;41;6;L;2
2035483;1055;41;7;L;2
2035484;1055;41;8;L;2
2035485;1055;42;1;L;2
2035486;1055;42;2;L;2
2035487;1055;42;3;L;2
2035488;1055;42;4;L;2
2035489;1055;42;5;L;2
2035490;1055;42;6;L;2
2035491;1055;42;7;L;2
2035492;1055;42;8;L;2
2035493;1055;43;1;L;2
2035494;1055;43;2;L;2
2035495;1055;43;3;L;2
2035496;1055;43;4;L;2
2035497;1055;43;5;L;2
2035498;1055;43;6;L;2
2035499;1055;43;7;L;2
2035500;1055;43;8;L;2
2035501;1055;44;1;L;2
2035502;1055;44;2;L;2
2035503;1055;44;3;L;2
2035504;1055;44;4;L;2
2035505;1055;44;5;L;2
2035506;1055;44;6;L;2
2035507;1055;44;7;L;2
2035508;1055;44;8;L;2
2035509;1055;45;1;L;2
2035510;1055;45;2;L;2
2035511;1055;45;3;L;2
156390;1055;45;4;L;2
2035513;1055;45;5;L;2
2035514;1055;45;6;L;2
2035515;1055;45;7;L;2
2035516;1055;45;8;L;2
2035517;1055;46;1;L;2
2035518;1055;46;2;L;2
2035519;1055;46;3;L;2
2035520;1055;46;4;L;2
2035521;1055;46;5;L;2
2035522;1055;46;6;L;2
2035523;1055;46;7;L;2
2035524;1055;46;8;L;2
2035525;1055;49;1;L;2
2035526;1055;49;2;L;2
2035527;1055;49;3;L;2
2035528;1055;49;4;L;2
2035529;1055;49;5;L;2
2035530;1055;49;6;L;2
2035531;1055;49;7;L;2
156410;1055;49;8;L;2
2035533;1055;50;1;L;2
2035534;1055;50;2;L;2
2035535;1055;50;3;L;2
2035536;1055;50;4;L;2
2035537;1055;50;5;L;2
2035538;1055;50;6;L;2
2035539;1055;50;7;L;2
2035540;1055;50;8;L;2
2035541;1055;51;1;L;2
2035542;1055;51;2;L;2
2035543;1055;51;3;L;2
2035544;1055;51;4;L;2
2035545;1055;51;5;L;2
2035546;1055;51;6;L;2
2035547;1055;51;7;L;2
2035548;1055;51;8;L;2
2035549;1055;52;1;L;2
2035550;1055;52;2;L;2
2035551;1055;52;3;L;2
2035552;1055;52;4;L;2
2035553;1055;52;5;L;2
2035554;1055;52;6;L;2
2035555;1055;52;7;L;2
2035556;1055;52;8;L;2
2035557;1055;53;1;L;2
2035558;1055;53;2;L;2
2035559;1055;53;3;L;2
2035560;1055;53;4;L;2
2035561;1055;53;5;L;2
2035562;1055;53;6;L;2
2035563;1055;53;7;L;2
2035564;1055;53;8;L;2
2035565;1055;54;1;L;2
2035566;1055;54;2;L;2
2035567;1055;54;3;L;2
2035568;1055;54;4;L;2
2035569;1055;54;5;L;2
2035570;1055;54;6;L;2
2035571;1055;54;7;L;2
2035572;1055;54;8;L;2
2035573;1055;55;1;L;2
2035574;1055;55;2;L;2
2035575;1055;55;3;L;2
2035576;1055;55;4;L;2
2035577;1055;55;5;L;2
2035578;1055;55;6;L;2
2035579;1055;55;7;L;2
2035580;1055;55;8;L;2
2035581;1055;56;1;L;2
2035582;1055;56;2;L;2
2035583;1055;56;3;L;2
2035584;1055;56;4;L;2
2035585;1055;56;5;L;2
2035586;1055;56;6;L;2
156465;1055;56;7;L;2
2035588;1055;56;8;L;2
2035589;1055;57;1;L;2
2035590;1055;57;2;L;2
2035591;1055;57;3;L;2
2035592;1055;57;4;L;2
2035593;1055;57;5;L;2
2035594;1055;57;6;L;2
2035595;1055;57;7;L;2
2035596;1055;57;8;L;2
2035597;1055;58;1;L;2
2035598;1055;58;2;L;2
2035599;1055;58;3;L;2
2035600;1055;58;4;L;2
2035601;1055;58;5;L;2
2035602;1055;58;6;L;2
2035603;1055;58;7;L;2
2035604;1055;58;8;L;2
2035605;1055;59;1;L;2
2035606;1055;59;2;L;2
2035607;1055;59;3;L;2
2035608;1055;59;4;L;2
2035609;1055;59;5;L;2
2035610;1055;59;6;L;2
2035611;1055;59;7;L;2
2035612;1055;59;8;L;2
2035613;1055;60;1;L;2
2035614;1055;60;2;L;2
2035615;1055;60;3;L;2
2035616;1055;60;4;L;2
2035617;1055;60;5;L;2
2035618;1055;60;6;L;2
2035619;1055;60;7;L;2
2035620;1055;60;8;L;2
2035621;1055;61;1;L;2
2035622;1055;61;2;L;2
2035623;1055;61;3;L;2
2035624;1055;61;4;L;2
2035625;1055;61;5;L;2
2035626;1055;61;6;L;2
2035627;1055;61;7;L;2
2035628;1055;61;8;L;2
2035629;1055;62;1;L;2
2035630;1055;62;2;L;2
2035631;1055;62;3;L;2
2035632;1055;62;4;L;2
2035633;1055;62;5;L;2
2035634;1055;62;6;L;2
2035635;1055;62;7;L;2
2035636;1055;62;8;L;2
2035637;1055;63;1;L;2
2035638;1055;63;2;L;2
2035639;1055;63;3;L;2
2035640;1055;63;4;L;2
2035641;1055;63;5;L;2
2035642;1055;63;6;L;2
2035643;1055;63;7;L;2
2035644;1055;63;8;L;2
2035645;1055;64;1;L;2
2035646;1055;64;2;A;2
2035647;1055;64;3;L;2
2035648;1055;64;4;L;2
2035649;1055;64;5;L;2
2035650;1055;64;6;L;2
2035651;1055;64;7;L;2
2035652;1055;64;8;L;2
2035653;1055;66;1;L;2
2035654;1055;66;2;L;2
2035655;1055;66;3;L;2
2035656;1055;66;4;L;2
2035657;1055;66;5;L;2
2035658;1055;66;6;L;2
2035659;1055;66;7;L;2
2035660;1055;66;8;L;2
2035661;1055;67;1;L;2
2035662;1055;67;2;L;2
2035663;1055;67;3;L;2
2035664;1055;67;4;L;2
2035665;1055;67;5;L;2
2035666;1055;67;6;L;2
2035667;1055;67;7;L;2
2035668;1055;67;8;L;2
2035669;1055;68;1;L;2
2035670;1055;68;2;L;2
2035671;1055;68;3;L;2
2035672;1055;68;4;L;2
2035673;1055;68;5;L;2
2035674;1055;68;6;L;2
2035675;1055;68;7;L;2
2035676;1055;68;8;L;2
2035677;1055;69;1;L;2
2035678;1055;69;2;L;2
2035679;1055;69;3;L;2
156566;1055;69;4;L;2
2035681;1055;69;5;L;2
2035682;1055;69;6;L;2
2035683;1055;69;7;L;2
2035684;1055;69;8;L;2
2035685;1055;70;1;L;2
2035686;1055;70;2;L;2
2035687;1055;70;3;L;2
2035688;1055;70;4;L;2
2035689;1055;70;5;L;2
2035690;1055;70;6;L;2
2035691;1055;70;7;L;2
2035692;1055;70;8;L;2
2035693;1055;71;1;L;2
2035694;1055;71;2;L;2
2035695;1055;71;3;L;2
2035696;1055;71;4;L;2
2035697;1055;71;5;L;2
2035698;1055;71;6;L;2
2035699;1055;71;7;L;2
2035700;1055;71;8;L;2
2035701;1055;72;1;L;2
2035702;1055;72;2;L;2
2035703;1055;72;3;L;2
2035704;1055;72;4;L;2
2035705;1055;72;5;L;2
2035706;1055;72;6;L;2
2035707;1055;72;7;L;2
2035708;1055;72;8;L;2
2035709;1055;73;1;L;2
2035710;1055;73;2;L;2
2035711;1055;73;3;L;2
2035712;1055;73;4;L;2
2035713;1055;73;5;L;2
2035714;1055;73;6;L;2
2035715;1055;73;7;L;2
2035716;1055;73;8;A;2
2035717;1055;74;1;L;2
2035718;1055;74;2;L;2
2035719;1055;74;3;L;2
2035720;1055;74;4;L;2
2035721;1055;74;5;A;2
2035722;1055;74;6;L;2
2035723;1055;74;7;L;2
2035724;1055;74;8;L;2
2035725;1055;75;1;L;2
2035726;1055;75;2;L;2
2035727;1055;75;3;L;2
156614;1055;75;4;L;2
2035729;1055;75;5;L;2
2035730;1055;75;6;L;2
2035731;1055;75;7;L;2
2035732;1055;75;8;L;2
2035733;1055;76;1;L;2
2035734;1055;76;2;L;2
2035735;1055;76;3;L;2
2035736;1055;76;4;L;2
2035737;1055;76;5;L;2
2035738;1055;76;6;L;2
2035739;1055;76;7;L;2
2035740;1055;76;8;L;2
2035741;1055;81;1;L;2
2035742;1055;81;2;L;2
2035743;1055;81;3;L;2
2035744;1055;81;4;L;2
2035745;1055;81;5;L;2
2035746;1055;81;6;L;2
2035747;1055;81;7;L;2
2035748;1055;81;8;L;2
2035749;1055;82;1;L;2
2035750;1055;82;2;L;2
2035751;1055;82;3;L;2
2035752;1055;82;4;L;2
2035753;1055;82;5;L;2
2035754;1055;82;6;A;2
2035755;1055;82;7;L;2
2035756;1055;82;8;L;2
2035757;1055;83;1;L;2
2035758;1055;83;2;L;2
2035759;1055;83;3;L;2
2035760;1055;83;4;L;2
2035761;1055;83;5;L;2
2035762;1055;83;6;L;2
2035763;1055;83;7;L;2
2035764;1055;83;8;L;2
2035765;1055;84;1;A;2
2035766;1055;84;2;L;2
2035767;1055;84;3;L;2
2035768;1055;84;4;L;2
2035769;1055;84;5;L;2
2035770;1055;84;6;L;2
2035771;1055;84;7;L;2
2035772;1055;84;8;L;2
2035773;1055;85;1;L;2
2035774;1055;85;2;L;2
2035775;1055;85;3;L;2
2035776;1055;85;4;L;2
2035777;1055;85;5;L;2
156664;1055;85;6;L;2
2035779;1055;85;7;L;2
2035780;1055;85;8;L;2
2035781;1055;86;1;L;2
2035782;1055;86;2;L;2
2035783;1055;86;3;L;2
2035784;1055;86;4;L;2
2035785;1055;86;5;L;2
2035786;1055;86;6;L;2
2035787;1055;86;7;L;2
2035788;1055;86;8;L;2
2035789;1055;87;1;L;2
2035790;1055;87;2;L;2
2035791;1055;87;3;L;2
2035792;1055;87;4;L;2
2035793;1055;87;5;L;2
2035794;1055;87;6;L;2
2035795;1055;87;7;L;2
2035796;1055;87;8;L;2
2035797;1055;88;1;L;2
2035798;1055;88;2;L;2
2035799;1055;88;3;L;2
2035800;1055;88;4;L;2
2035801;1055;88;5;L;2
2035802;1055;88;6;L;2
2035803;1055;88;7;L;2
156690;1055;88;8;L;2
2035805;1055;89;1;L;2
2035806;1055;89;2;L;2
2035807;1055;89;3;L;2
2035808;1055;89;4;L;2
2035809;1055;89;5;L;2
2035810;1055;89;6;L;2
2035811;1055;89;7;L;2
2035812;1055;89;8;L;2
2035813;1055;90;1;L;2
2035814;1055;90;2;L;2
2035815;1055;90;3;L;2
2035816;1055;90;4;L;2
2035817;1055;90;5;L;2
2035818;1055;90;6;L;2
2035819;1055;90;7;L;2
2035820;1055;90;8;L;2
2035821;1055;91;1;L;2
2035822;1055;91;2;L;2
2035823;1055;91;3;L;2
2035824;1055;91;4;L;2
2035825;1055;91;5;L;2
2035826;1055;91;6;L;2
2035827;1055;91;7;L;2
2035828;1055;91;8;L;2
2035829;1055;92;1;L;2
2035830;1055;92;2;L;2
2035831;1055;92;3;L;2
2035832;1055;92;4;L;2
2035833;1055;92;5;L;2
2035834;1055;92;6;L;2
2035835;1055;92;7;L;2
2035836;1055;92;8;L;2
2035837;1055;93;1;L;2
2035838;1055;93;2;L;2
2035839;1055;93;3;L;2
2035840;1055;93;4;L;2
2035841;1055;93;5;L;2
2035842;1055;93;6;L;2
2035843;1055;93;7;L;2
156730;1055;93;8;L;2
2035845;1055;94;1;L;2
2035846;1055;94;2;L;2
2035847;1055;94;3;L;2
2035848;1055;94;4;L;2
2035849;1055;94;5;L;2
2035850;1055;94;6;L;2
2035851;1055;94;7;L;2
2035852;1055;94;8;L;2
2035853;1055;95;1;L;2
2035854;1055;95;2;L;2
2035855;1055;95;3;A;2
2035856;1055;95;4;L;2
2035857;1055;95;5;L;2
2035858;1055;95;6;L;2
2035859;1055;95;7;L;2
2035860;1055;95;8;L;2
2035861;1055;96;1;L;2
2035862;1055;96;2;L;2
2035863;1055;96;3;L;2
2035864;1055;96;4;L;2
2035865;1055;96;5;L;2
2035866;1055;96;6;L;2
2035867;1055;96;7;L;2
2035868;1055;96;8;L;2
1668151;1060;1473;1;L;2
1668199;1060;1473;1;L;3
1668247;1060;1473;1;L;4
1668152;1060;1473;2;L;2
1668200;1060;1473;2;L;3
1668248;1060;1473;2;L;4
1668153;1060;1473;3;L;2
1668201;1060;1473;3;L;3
1668249;1060;1473;3;L;4
1668154;1060;1473;4;L;2
1668202;1060;1473;4;L;3
1668250;1060;1473;4;L;4
1668155;1060;1473;5;L;2
1668203;1060;1473;5;L;3
1668251;1060;1473;5;L;4
1668156;1060;1473;6;L;2
1668204;1060;1473;6;L;3
1668252;1060;1473;6;L;4
1668157;1060;1473;7;L;2
1668205;1060;1473;7;L;3
1668253;1060;1473;7;L;4
1668158;1060;1473;8;L;2
1668206;1060;1473;8;L;3
1668254;1060;1473;8;L;4
1668159;1060;1474;1;L;2
1668207;1060;1474;1;L;3
1668255;1060;1474;1;L;4
1668160;1060;1474;2;A;2
1668208;1060;1474;2;L;3
1668256;1060;1474;2;L;4
1668161;1060;1474;3;L;2
1668209;1060;1474;3;L;3
1668257;1060;1474;3;L;4
1668114;1060;1474;4;L;2
1668162;1060;1474;4;L;3
1668210;1060;1474;4;L;4
1668163;1060;1474;5;L;2
1668211;1060;1474;5;L;3
1668259;1060;1474;5;L;4
1668116;1060;1474;6;L;2
1668212;1060;1474;6;L;3
1668260;1060;1474;6;L;4
1668165;1060;1474;7;L;2
1668213;1060;1474;7;L;3
1668261;1060;1474;7;L;4
1668118;1060;1474;8;L;2
1668214;1060;1474;8;L;3
1668262;1060;1474;8;L;4
1668167;1060;1476;1;L;2
1668215;1060;1476;1;L;3
1668263;1060;1476;1;L;4
1668168;1060;1476;2;L;2
1668216;1060;1476;2;L;3
1668264;1060;1476;2;L;4
1668169;1060;1476;3;L;2
1668217;1060;1476;3;L;3
1668265;1060;1476;3;L;4
1668170;1060;1476;4;L;2
1668218;1060;1476;4;L;3
1668266;1060;1476;4;L;4
1668171;1060;1476;5;L;2
1668219;1060;1476;5;L;3
1668267;1060;1476;5;L;4
1668172;1060;1476;6;L;2
1668220;1060;1476;6;L;3
1668268;1060;1476;6;L;4
1668125;1060;1476;7;L;2
1668173;1060;1476;7;L;3
1668221;1060;1476;7;L;4
1668174;1060;1476;8;L;2
1668222;1060;1476;8;L;3
1668270;1060;1476;8;L;4
1668175;1060;1477;1;L;2
1668223;1060;1477;1;L;3
1668271;1060;1477;1;L;4
1668176;1060;1477;2;L;2
1668224;1060;1477;2;L;3
1668272;1060;1477;2;L;4
1668177;1060;1477;3;L;2
1668225;1060;1477;3;L;3
1668273;1060;1477;3;L;4
1668178;1060;1477;4;L;2
1668226;1060;1477;4;L;3
1668274;1060;1477;4;L;4
1668179;1060;1477;5;L;2
1668227;1060;1477;5;L;3
1668275;1060;1477;5;L;4
1668180;1060;1477;6;L;2
1668228;1060;1477;6;L;3
1668276;1060;1477;6;L;4
1668181;1060;1477;7;L;2
1668229;1060;1477;7;L;3
1668277;1060;1477;7;L;4
1668182;1060;1477;8;L;2
1668230;1060;1477;8;L;3
1668278;1060;1477;8;L;4
1668183;1060;1478;1;A;2
1668231;1060;1478;1;L;3
1668279;1060;1478;1;L;4
1668136;1060;1478;2;L;2
1668184;1060;1478;2;L;3
1668280;1060;1478;2;L;4
1668185;1060;1478;3;L;2
1668233;1060;1478;3;L;3
1668281;1060;1478;3;L;4
1668186;1060;1478;4;L;2
1668234;1060;1478;4;L;3
1668282;1060;1478;4;L;4
1668187;1060;1478;5;L;2
1668235;1060;1478;5;L;3
1668283;1060;1478;5;L;4
1668188;1060;1478;6;L;2
1668236;1060;1478;6;L;3
1668284;1060;1478;6;L;4
1668189;1060;1478;7;L;2
1668237;1060;1478;7;L;3
1668285;1060;1478;7;L;4
1668142;1060;1478;8;L;2
1668190;1060;1478;8;L;3
1668238;1060;1478;8;L;4
1668191;1060;1480;1;L;2
1668239;1060;1480;1;L;3
1668287;1060;1480;1;L;4
1668144;1060;1480;2;L;2
1668192;1060;1480;2;L;3
1668240;1060;1480;2;L;4
1668193;1060;1480;3;L;2
1668241;1060;1480;3;L;3
1668289;1060;1480;3;L;4
1668194;1060;1480;4;L;2
1668242;1060;1480;4;L;3
1668290;1060;1480;4;L;4
1668195;1060;1480;5;L;2
1668243;1060;1480;5;L;3
1668291;1060;1480;5;L;4
1668196;1060;1480;6;L;2
1668244;1060;1480;6;L;3
1668292;1060;1480;6;L;4
1668197;1060;1480;7;L;2
1668245;1060;1480;7;L;3
1668293;1060;1480;7;L;4
1668198;1060;1480;8;L;2
1668246;1060;1480;8;L;3
1668294;1060;1480;8;L;4
1874740;1060;3401;1;L;2
1874749;1060;3401;2;L;2
1874750;1060;3401;3;L;2
1874751;1060;3401;4;L;2
1874752;1060;3401;5;L;2
1874753;1060;3401;6;L;2
1874754;1060;3401;7;L;2
1874747;1060;3401;8;L;2
2513694;1071;2585;1;L;2
2513695;1071;2585;2;L;2
2513696;1071;2585;3;L;2
2513697;1071;2585;4;L;2
2513698;1071;2585;5;L;2
2513699;1071;2585;6;L;2
2513700;1071;2585;7;L;2
2513701;1071;2585;8;L;2
2513702;1071;2586;1;L;2
2513703;1071;2586;2;L;2
2513704;1071;2586;3;L;2
2513705;1071;2586;4;L;2
2513706;1071;2586;5;L;2
2513707;1071;2586;6;L;2
2513708;1071;2586;7;L;2
2513709;1071;2586;8;L;2
2513710;1071;2587;1;L;2
2513711;1071;2587;2;L;2
2513712;1071;2587;3;L;2
2513713;1071;2587;4;L;2
2513714;1071;2587;5;L;2
2513715;1071;2587;6;L;2
2513716;1071;2587;7;L;2
2513717;1071;2587;8;L;2
2513718;1071;2588;1;L;2
2513719;1071;2588;2;L;2
2513720;1071;2588;3;L;2
2513721;1071;2588;4;L;2
2513722;1071;2588;5;L;2
2513723;1071;2588;6;L;2
2513724;1071;2588;7;L;2
2513725;1071;2588;8;L;2
2513726;1071;2589;1;L;2
2513727;1071;2589;2;L;2
2513728;1071;2589;3;L;2
2513729;1071;2589;4;L;2
2513730;1071;2589;5;L;2
2513731;1071;2589;6;L;2
2513732;1071;2589;7;L;2
2513733;1071;2589;8;L;2
2513734;1071;2590;1;L;2
2513735;1071;2590;2;L;2
2513736;1071;2590;3;L;2
2513737;1071;2590;4;L;2
2513738;1071;2590;5;L;2
2513739;1071;2590;6;L;2
2513740;1071;2590;7;L;2
2513741;1071;2590;8;L;2
1644806;1092;2071;1;A;2
1644807;1092;2071;2;L;2
1644808;1092;2071;3;L;2
1644809;1092;2071;4;L;2
1644810;1092;2071;5;L;2
1644811;1092;2071;6;L;2
1644812;1092;2071;7;L;2
1644813;1092;2071;8;L;2
1644822;1092;2130;1;L;2
1644831;1092;2130;2;L;2
1644832;1092;2130;3;L;2
1644833;1092;2130;4;L;2
1644834;1092;2130;5;L;2
1644835;1092;2130;6;L;2
1644836;1092;2130;7;L;2
1644837;1092;2130;8;A;2
1789932;1093;2487;1;L;2
1789933;1093;2487;2;L;2
1789934;1093;2487;3;L;2
1789935;1093;2487;4;L;2
1789936;1093;2487;5;A;2
1789937;1093;2487;6;L;2
1789810;1093;2487;7;L;2
1789939;1093;2487;8;L;2
1690195;1093;4203;1;L;2
1690196;1093;4203;2;A;2
1690197;1093;4203;3;L;2
1690198;1093;4203;4;L;2
1690199;1093;4203;5;L;2
1690200;1093;4203;6;L;2
1690201;1093;4203;7;L;2
1690202;1093;4203;8;L;2
1690179;1093;4204;1;L;2
1690204;1093;4204;2;L;2
1690205;1093;4204;3;L;2
1690206;1093;4204;4;L;2
1690207;1093;4204;5;L;2
1690208;1093;4204;6;L;2
1690209;1093;4204;7;L;2
1690210;1093;4204;8;L;2
1690211;1093;4205;1;L;2
1690212;1093;4205;2;A;2
1690213;1093;4205;3;L;2
1690214;1093;4205;4;L;2
1690215;1093;4205;5;L;2
1690216;1093;4205;6;L;2
1690217;1093;4205;7;L;2
1690218;1093;4205;8;L;2
1635414;1137;1857;1;L;2
1635415;1137;1857;2;L;2
1635416;1137;1857;3;L;2
1635417;1137;1857;4;L;2
1635418;1137;1857;5;L;2
1635419;1137;1857;6;L;2
1635412;1137;1857;7;L;2
1635421;1137;1857;8;L;2
2015868;1160;779;1;L;2
2015869;1160;779;2;L;2
2015870;1160;779;3;L;2
2015871;1160;779;4;L;2
2015872;1160;779;5;L;2
2015873;1160;779;6;L;2
2015874;1160;779;7;L;2
2015875;1160;779;8;L;2
1249928;1162;873;1;L;2
1249929;1162;873;2;L;2
1249930;1162;873;3;L;2
1249931;1162;873;4;L;2
1249932;1162;873;5;L;2
1249933;1162;873;6;L;2
1249934;1162;873;7;L;2
1249935;1162;873;8;L;2
1249936;1162;874;1;L;2
1249937;1162;874;2;L;2
1249938;1162;874;3;L;2
1249939;1162;874;4;L;2
1249940;1162;874;5;L;2
1249941;1162;874;6;L;2
1249942;1162;874;7;L;2
1249943;1162;874;8;L;2
1249944;1162;875;1;L;2
1249945;1162;875;2;L;2
1249946;1162;875;3;L;2
1249947;1162;875;4;L;2
1249948;1162;875;5;L;2
1249949;1162;875;6;L;2
1249950;1162;875;7;L;2
1249951;1162;875;8;L;2
1249952;1162;876;1;L;2
1249953;1162;876;2;L;2
1249954;1162;876;3;L;2
1249955;1162;876;4;L;2
1249956;1162;876;5;L;2
1249957;1162;876;6;L;2
1249958;1162;876;7;L;2
1249959;1162;876;8;L;2
1249960;1162;877;1;L;2
1249961;1162;877;2;L;2
1249962;1162;877;3;L;2
1249963;1162;877;4;L;2
1249964;1162;877;5;L;2
1249965;1162;877;6;L;2
1249966;1162;877;7;L;2
1249967;1162;877;8;L;2
1249968;1162;878;1;L;2
1249969;1162;878;2;L;2
1249970;1162;878;3;L;2
1249971;1162;878;4;L;2
1249972;1162;878;5;L;2
1249973;1162;878;6;L;2
1249974;1162;878;7;L;2
1249975;1162;878;8;L;2
1249976;1162;879;1;L;2
1249977;1162;879;2;L;2
1249978;1162;879;3;L;2
1249979;1162;879;4;L;2
1249980;1162;879;5;L;2
1249981;1162;879;6;L;2
1249982;1162;879;7;L;2
1249983;1162;879;8;L;2
1249984;1162;880;1;L;2
1249985;1162;880;2;L;2
1249986;1162;880;3;L;2
1249987;1162;880;4;L;2
1249988;1162;880;5;L;2
1249989;1162;880;6;L;2
1249990;1162;880;7;L;2
1249991;1162;880;8;L;2
1681355;1164;2537;1;L;2
1681419;1164;2537;1;L;3
1681356;1164;2537;2;L;2
1681420;1164;2537;2;L;3
1681357;1164;2537;3;L;2
1681421;1164;2537;3;L;3
1681358;1164;2537;4;L;2
1681422;1164;2537;4;L;3
1681359;1164;2537;5;L;2
1681423;1164;2537;5;L;3
1681360;1164;2537;6;L;2
1681424;1164;2537;6;L;3
1681361;1164;2537;7;L;2
1681425;1164;2537;7;L;3
1681362;1164;2537;8;L;2
1681426;1164;2537;8;L;3
1681363;1164;2538;1;L;2
1681427;1164;2538;1;L;3
1681364;1164;2538;2;L;2
1681428;1164;2538;2;L;3
1681365;1164;2538;3;L;2
1681429;1164;2538;3;L;3
1681366;1164;2538;4;L;2
1681430;1164;2538;4;L;3
1681367;1164;2538;5;L;2
1681431;1164;2538;5;L;3
1681368;1164;2538;6;L;2
1681432;1164;2538;6;L;3
1681369;1164;2538;7;L;2
1681433;1164;2538;7;L;3
1681370;1164;2538;8;L;2
1681434;1164;2538;8;L;3
1681371;1164;2539;1;L;2
1681435;1164;2539;1;L;3
1681372;1164;2539;2;L;2
1681436;1164;2539;2;L;3
1681373;1164;2539;3;L;2
1681437;1164;2539;3;L;3
1681374;1164;2539;4;L;2
1681438;1164;2539;4;L;3
1681375;1164;2539;5;L;2
1681439;1164;2539;5;L;3
1681376;1164;2539;6;L;2
1681440;1164;2539;6;L;3
1681377;1164;2539;7;L;2
1681441;1164;2539;7;L;3
1681378;1164;2539;8;L;2
1681442;1164;2539;8;L;3
1681379;1164;2540;1;L;2
1681443;1164;2540;1;L;3
1681380;1164;2540;2;L;2
1681444;1164;2540;2;L;3
1681381;1164;2540;3;L;2
1681445;1164;2540;3;L;3
1681382;1164;2540;4;L;2
1681446;1164;2540;4;L;3
1681383;1164;2540;5;L;2
1681447;1164;2540;5;L;3
1681384;1164;2540;6;L;2
1681448;1164;2540;6;L;3
1681385;1164;2540;7;L;2
1681449;1164;2540;7;L;3
1681386;1164;2540;8;L;2
1681450;1164;2540;8;L;3
1681387;1164;2541;1;L;2
1681451;1164;2541;1;L;3
1681388;1164;2541;2;L;2
1681452;1164;2541;2;L;3
1681389;1164;2541;3;L;2
1681453;1164;2541;3;L;3
1681390;1164;2541;4;L;2
1681454;1164;2541;4;L;3
1681391;1164;2541;5;L;2
1681455;1164;2541;5;L;3
1681392;1164;2541;6;L;2
1681456;1164;2541;6;L;3
1681393;1164;2541;7;L;2
1681457;1164;2541;7;L;3
1681394;1164;2541;8;L;2
1681458;1164;2541;8;L;3
1681395;1164;2542;1;L;2
1681459;1164;2542;1;L;3
1681396;1164;2542;2;L;2
1681460;1164;2542;2;L;3
1681397;1164;2542;3;L;2
1681461;1164;2542;3;L;3
1681398;1164;2542;4;L;2
1681462;1164;2542;4;L;3
1681399;1164;2542;5;L;2
1681463;1164;2542;5;L;3
1681400;1164;2542;6;L;2
1681464;1164;2542;6;L;3
1681401;1164;2542;7;L;2
1681465;1164;2542;7;L;3
1681402;1164;2542;8;L;2
1681466;1164;2542;8;L;3
1681403;1164;2543;1;L;2
1681467;1164;2543;1;L;3
1681404;1164;2543;2;L;2
1681468;1164;2543;2;L;3
1681405;1164;2543;3;L;2
1681469;1164;2543;3;L;3
1681406;1164;2543;4;L;2
1681470;1164;2543;4;L;3
1681407;1164;2543;5;L;2
1681471;1164;2543;5;L;3
1681408;1164;2543;6;L;2
1681472;1164;2543;6;L;3
1681409;1164;2543;7;L;2
1681473;1164;2543;7;L;3
1681410;1164;2543;8;L;2
1681474;1164;2543;8;L;3
1681411;1164;2544;1;L;2
1681475;1164;2544;1;L;3
1681412;1164;2544;2;L;2
1681476;1164;2544;2;L;3
1681413;1164;2544;3;L;2
1681477;1164;2544;3;L;3
1681414;1164;2544;4;L;2
1681478;1164;2544;4;L;3
1681415;1164;2544;5;L;2
1681479;1164;2544;5;L;3
1681416;1164;2544;6;L;2
1681480;1164;2544;6;L;3
1681417;1164;2544;7;L;2
1681481;1164;2544;7;L;3
1681418;1164;2544;8;L;2
1681482;1164;2544;8;L;3
1651087;1176;1353;1;L;2
1651088;1176;1353;2;L;2
1651089;1176;1353;3;L;2
1651090;1176;1353;4;L;2
1651043;1176;1353;5;L;2
1651092;1176;1353;6;L;2
1651093;1176;1353;7;L;2
1651094;1176;1353;8;L;2
1651095;1176;1354;1;L;2
1651096;1176;1354;2;L;2
1651097;1176;1354;3;L;2
1651098;1176;1354;4;L;2
1651099;1176;1354;5;L;2
1651100;1176;1354;6;L;2
1651101;1176;1354;7;L;2
1651102;1176;1354;8;L;2
1651103;1176;1355;1;L;2
1651104;1176;1355;2;L;2
1651105;1176;1355;3;L;2
1651058;1176;1355;4;L;2
1651107;1176;1355;5;L;2
1651060;1176;1355;6;L;2
1651109;1176;1355;7;L;2
1651110;1176;1355;8;L;2
1651111;1176;1356;1;L;2
1651112;1176;1356;2;L;2
1651065;1176;1356;3;L;2
1651114;1176;1356;4;L;2
1651115;1176;1356;5;L;2
1651116;1176;1356;6;L;2
1651117;1176;1356;7;L;2
1651118;1176;1356;8;L;2
1651119;1176;1357;1;L;2
1651120;1176;1357;2;L;2
1651121;1176;1357;3;L;2
1651122;1176;1357;4;L;2
1651123;1176;1357;5;L;2
1651124;1176;1357;6;L;2
1651125;1176;1357;7;L;2
1651126;1176;1357;8;L;2
1651127;1176;1358;1;L;2
1651128;1176;1358;2;L;2
1651129;1176;1358;3;L;2
1651130;1176;1358;4;L;2
1651131;1176;1358;5;L;2
1651132;1176;1358;6;L;2
1651133;1176;1358;7;L;2
1651134;1176;1358;8;L;2
1615566;1185;1881;1;L;2
1615567;1185;1881;2;L;2
1615568;1185;1881;3;L;2
1615569;1185;1881;4;L;2
1615570;1185;1881;5;L;2
1615571;1185;1881;6;L;2
1615572;1185;1881;7;L;2
1615573;1185;1881;8;L;2
1616206;1185;2663;1;L;2
1616207;1185;2663;2;L;2
1616208;1185;2663;3;L;2
1616209;1185;2663;4;L;2
1616210;1185;2663;5;L;2
1616211;1185;2663;6;L;2
1616212;1185;2663;7;L;2
1616213;1185;2663;8;L;2
1616222;1185;2750;1;L;2
1616223;1185;2750;2;L;2
1616224;1185;2750;3;L;2
1616225;1185;2750;4;L;2
1616226;1185;2750;5;L;2
1616227;1185;2750;6;L;2
1616228;1185;2750;7;L;2
1616229;1185;2750;8;L;2
1616246;1185;2898;1;L;2
1616247;1185;2898;2;L;2
1616248;1185;2898;3;L;2
1616249;1185;2898;4;L;2
1616250;1185;2898;5;L;2
1616251;1185;2898;6;L;2
1616252;1185;2898;7;L;2
1616253;1185;2898;8;L;2
2420005;1185;3017;1;L;2
2420006;1185;3017;2;L;2
2420007;1185;3017;3;L;2
2420008;1185;3017;4;L;2
2420009;1185;3017;5;L;2
2420010;1185;3017;6;L;2
2420011;1185;3017;7;L;2
2420012;1185;3017;8;L;2
2420013;1185;3018;1;L;2
2420014;1185;3018;2;L;2
2420015;1185;3018;3;L;2
2420016;1185;3018;4;L;2
2420017;1185;3018;5;L;2
2420018;1185;3018;6;L;2
2420019;1185;3018;7;L;2
2420020;1185;3018;8;L;2
2420021;1185;3019;1;L;2
2420022;1185;3019;2;L;2
2420023;1185;3019;3;L;2
2420024;1185;3019;4;L;2
2420025;1185;3019;5;L;2
2420026;1185;3019;6;L;2
2420027;1185;3019;7;L;2
2420028;1185;3019;8;L;2
2420029;1185;3020;1;L;2
2420030;1185;3020;2;L;2
2420031;1185;3020;3;L;2
2420032;1185;3020;4;L;2
2420033;1185;3020;5;L;2
2420034;1185;3020;6;L;2
2420035;1185;3020;7;L;2
2420036;1185;3020;8;L;2
2420037;1185;3021;1;L;2
2420038;1185;3021;2;L;2
2420039;1185;3021;3;L;2
2420040;1185;3021;4;L;2
2420041;1185;3021;5;L;2
2420042;1185;3021;6;L;2
2420043;1185;3021;7;L;2
2420044;1185;3021;8;L;2
2420045;1185;3022;1;L;2
2420046;1185;3022;2;L;2
2420047;1185;3022;3;L;2
2420048;1185;3022;4;L;2
2420049;1185;3022;5;L;2
2420050;1185;3022;6;L;2
2420051;1185;3022;7;L;2
2420052;1185;3022;8;L;2
2420053;1185;3023;1;L;2
2420054;1185;3023;2;L;2
2420055;1185;3023;3;L;2
2420056;1185;3023;4;L;2
2420057;1185;3023;5;L;2
2420058;1185;3023;6;L;2
2420059;1185;3023;7;L;2
2420060;1185;3023;8;L;2
1545966;1189;1;1;L;2
1545967;1189;1;2;L;2
1545968;1189;1;3;L;2
1545969;1189;1;4;L;2
1545970;1189;1;5;L;2
1545971;1189;1;6;L;2
1545972;1189;1;7;L;2
1545973;1189;1;8;L;2
1545974;1189;2;1;L;2
1545975;1189;2;2;L;2
1545976;1189;2;3;L;2
1545977;1189;2;4;L;2
1545978;1189;2;5;L;2
1545979;1189;2;6;L;2
1545980;1189;2;7;L;2
1545981;1189;2;8;L;2
1545982;1189;3;1;L;2
1545983;1189;3;2;L;2
1545984;1189;3;3;L;2
1545985;1189;3;4;L;2
1545986;1189;3;5;L;2
1545987;1189;3;6;L;2
1545988;1189;3;7;L;2
1545989;1189;3;8;L;2
1545990;1189;4;1;L;2
1545991;1189;4;2;L;2
1545992;1189;4;3;L;2
1545993;1189;4;4;L;2
1545994;1189;4;5;L;2
1545995;1189;4;6;L;2
1545996;1189;4;7;L;2
1545997;1189;4;8;L;2
1545998;1189;5;1;L;2
1485439;1189;5;2;L;2
1546000;1189;5;3;L;2
1485441;1189;5;4;L;2
1546002;1189;5;5;L;2
1546003;1189;5;6;L;2
1546004;1189;5;7;L;2
1546005;1189;5;8;L;2
1485446;1189;6;1;L;2
1546007;1189;6;2;L;2
1546008;1189;6;3;L;2
1546009;1189;6;4;L;2
1546010;1189;6;5;L;2
1546011;1189;6;6;L;2
1546012;1189;6;7;L;2
1546013;1189;6;8;L;2
1546014;1189;7;1;L;2
1546015;1189;7;2;L;2
1546016;1189;7;3;L;2
1546017;1189;7;4;L;2
1546018;1189;7;5;L;2
1546019;1189;7;6;L;2
1546020;1189;7;7;L;2
1546021;1189;7;8;L;2
1546022;1189;8;1;L;2
1546023;1189;8;2;L;2
1546024;1189;8;3;L;2
1546025;1189;8;4;L;2
1546026;1189;8;5;L;2
1546027;1189;8;6;L;2
1546028;1189;8;7;L;2
1546029;1189;8;8;L;2
1546030;1189;9;1;L;2
1546031;1189;9;2;L;2
1546032;1189;9;3;L;2
1546033;1189;9;4;A;2
1546034;1189;9;5;L;2
1546035;1189;9;6;L;2
1546036;1189;9;7;L;2
1546037;1189;9;8;L;2
1546038;1189;10;1;L;2
1546039;1189;10;2;L;2
1546040;1189;10;3;L;2
1546041;1189;10;4;L;2
1546042;1189;10;5;L;2
1546043;1189;10;6;L;2
1546044;1189;10;7;L;2
1546045;1189;10;8;L;2
1546046;1189;11;1;A;2
1546047;1189;11;2;L;2
1546048;1189;11;3;L;2
1546049;1189;11;4;L;2
1546050;1189;11;5;L;2
1546051;1189;11;6;L;2
1546052;1189;11;7;L;2
1546053;1189;11;8;L;2
1485494;1189;12;1;L;2
1546055;1189;12;2;L;2
1546056;1189;12;3;L;2
1546057;1189;12;4;L;2
1546058;1189;12;5;L;2
1485499;1189;12;6;L;2
1546060;1189;12;7;L;2
1546061;1189;12;8;L;2
1546062;1189;13;1;L;2
1546063;1189;13;2;L;2
1546064;1189;13;3;L;2
1485505;1189;13;4;L;2
1546066;1189;13;5;L;2
1546067;1189;13;6;L;2
1546068;1189;13;7;L;2
1546069;1189;13;8;L;2
1546070;1189;14;1;L;2
1546071;1189;14;2;L;2
1546072;1189;14;3;L;2
1546073;1189;14;4;L;2
1546074;1189;14;5;L;2
1546075;1189;14;6;L;2
1546076;1189;14;7;L;2
1546077;1189;14;8;L;2
1546078;1189;15;1;L;2
1546079;1189;15;2;L;2
1546080;1189;15;3;L;2
1546081;1189;15;4;L;2
1546082;1189;15;5;L;2
1546083;1189;15;6;L;2
1546084;1189;15;7;L;2
1546085;1189;15;8;L;2
1546086;1189;16;1;L;2
1546087;1189;16;2;L;2
1546088;1189;16;3;L;2
1546089;1189;16;4;L;2
1546090;1189;16;5;L;2
1546091;1189;16;6;L;2
1546092;1189;16;7;L;2
1546093;1189;16;8;L;2
1546094;1189;17;1;L;2
1546095;1189;17;2;L;2
1546096;1189;17;3;L;2
1546097;1189;17;4;L;2
1546098;1189;17;5;L;2
1546099;1189;17;6;L;2
1546100;1189;17;7;L;2
1546101;1189;17;8;L;2
1546102;1189;18;1;L;2
1546103;1189;18;2;L;2
1546104;1189;18;3;L;2
1546105;1189;18;4;L;2
1546106;1189;18;5;L;2
1546107;1189;18;6;L;2
1546108;1189;18;7;L;2
1546109;1189;18;8;L;2
1546110;1189;19;1;L;2
1546111;1189;19;2;L;2
1546112;1189;19;3;L;2
1546113;1189;19;4;L;2
1546114;1189;19;5;L;2
1485555;1189;19;6;L;2
1546116;1189;19;7;L;2
1546117;1189;19;8;L;2
1546118;1189;20;1;L;2
1485559;1189;20;2;L;2
1546120;1189;20;3;L;2
1546121;1189;20;4;L;2
1546122;1189;20;5;L;2
1546123;1189;20;6;L;2
1546124;1189;20;7;L;2
1546125;1189;20;8;L;2
1546126;1189;21;1;L;2
1546127;1189;21;2;L;2
1546128;1189;21;3;A;2
1546129;1189;21;4;L;2
1546130;1189;21;5;L;2
1546131;1189;21;6;L;2
1546132;1189;21;7;L;2
1546133;1189;21;8;L;2
1546134;1189;22;1;L;2
1546135;1189;22;2;L;2
1546136;1189;22;3;L;2
1546137;1189;22;4;L;2
1546138;1189;22;5;L;2
1546139;1189;22;6;L;2
1546140;1189;22;7;L;2
1546141;1189;22;8;L;2
1546142;1189;23;1;L;2
1546143;1189;23;2;L;2
1546144;1189;23;3;L;2
1546145;1189;23;4;L;2
1546146;1189;23;5;L;2
1546147;1189;23;6;L;2
1546148;1189;23;7;L;2
1546149;1189;23;8;L;2
1546150;1189;24;1;A;2
1546151;1189;24;2;L;2
1546152;1189;24;3;L;2
1546153;1189;24;4;L;2
1546154;1189;24;5;L;2
1546155;1189;24;6;L;2
1546156;1189;24;7;L;2
1546157;1189;24;8;L;2
1546158;1189;25;1;L;2
1546159;1189;25;2;L;2
1546160;1189;25;3;L;2
1546161;1189;25;4;L;2
1546162;1189;25;5;L;2
1546163;1189;25;6;L;2
1546164;1189;25;7;L;2
1546165;1189;25;8;L;2
1546166;1189;26;1;A;2
1546167;1189;26;2;L;2
1546168;1189;26;3;L;2
1546169;1189;26;4;L;2
1546170;1189;26;5;L;2
1546171;1189;26;6;L;2
1546172;1189;26;7;L;2
1546173;1189;26;8;L;2
1485614;1189;27;1;L;2
1546175;1189;27;2;L;2
1485616;1189;27;3;L;2
1546177;1189;27;4;L;2
1546178;1189;27;5;L;2
1546179;1189;27;6;L;2
1546180;1189;27;7;L;2
1546181;1189;27;8;L;2
1485622;1189;28;1;L;2
1546183;1189;28;2;L;2
1546184;1189;28;3;L;2
1546185;1189;28;4;L;2
1546186;1189;28;5;L;2
1546187;1189;28;6;L;2
1546188;1189;28;7;L;2
1546189;1189;28;8;L;2
1546190;1189;29;1;L;2
1546191;1189;29;2;L;2
1546192;1189;29;3;L;2
1546193;1189;29;4;L;2
1546194;1189;29;5;L;2
1546195;1189;29;6;L;2
1546196;1189;29;7;L;2
1546197;1189;29;8;L;2
1546198;1189;30;1;L;2
1546199;1189;30;2;L;2
1546200;1189;30;3;L;2
1546201;1189;30;4;L;2
1546202;1189;30;5;L;2
1546203;1189;30;6;L;2
1546204;1189;30;7;L;2
1546205;1189;30;8;L;2
1546206;1189;31;1;L;2
1546207;1189;31;2;L;2
1546208;1189;31;3;L;2
1546209;1189;31;4;L;2
1546210;1189;31;5;L;2
1546211;1189;31;6;L;2
1546212;1189;31;7;L;2
1546213;1189;31;8;L;2
1546214;1189;32;1;L;2
1546215;1189;32;2;L;2
1546216;1189;32;3;L;2
1546217;1189;32;4;L;2
1546218;1189;32;5;L;2
1546219;1189;32;6;L;2
1546220;1189;32;7;L;2
1546221;1189;32;8;L;2
1546222;1189;33;1;A;2
1546223;1189;33;2;L;2
1546224;1189;33;3;L;2
1546225;1189;33;4;L;2
1546226;1189;33;5;L;2
1546227;1189;33;6;L;2
1546228;1189;33;7;L;2
1546229;1189;33;8;L;2
1546230;1189;34;1;L;2
1546231;1189;34;2;L;2
1546232;1189;34;3;L;2
1546233;1189;34;4;L;2
1546234;1189;34;5;L;2
1546235;1189;34;6;L;2
1546236;1189;34;7;L;2
1546237;1189;34;8;L;2
1546238;1189;35;1;A;2
1546239;1189;35;2;L;2
1546240;1189;35;3;L;2
1546241;1189;35;4;L;2
1546242;1189;35;5;L;2
1546243;1189;35;6;L;2
1546244;1189;35;7;L;2
1546245;1189;35;8;L;2
1546246;1189;36;1;L;2
1546247;1189;36;2;L;2
1546248;1189;36;3;L;2
1546249;1189;36;4;L;2
1546250;1189;36;5;L;2
1546251;1189;36;6;L;2
1546252;1189;36;7;L;2
1546253;1189;36;8;L;2
1546254;1189;37;1;L;2
1546255;1189;37;2;A;2
1546256;1189;37;3;L;2
1546257;1189;37;4;L;2
1546258;1189;37;5;L;2
1546259;1189;37;6;L;2
1546260;1189;37;7;L;2
1546261;1189;37;8;L;2
1546262;1189;38;1;L;2
1546263;1189;38;2;L;2
1546264;1189;38;3;L;2
1546265;1189;38;4;L;2
1546266;1189;38;5;L;2
1546267;1189;38;6;L;2
1546268;1189;38;7;L;2
1546269;1189;38;8;L;2
1546270;1189;39;1;A;2
1546271;1189;39;2;L;2
1485712;1189;39;3;L;2
1546273;1189;39;4;L;2
1546274;1189;39;5;L;2
1546275;1189;39;6;L;2
1546276;1189;39;7;L;2
1546277;1189;39;8;L;2
1546278;1189;40;1;L;2
1546279;1189;40;2;L;2
1546280;1189;40;3;L;2
1546281;1189;40;4;L;2
1546282;1189;40;5;L;2
1546283;1189;40;6;L;2
1546284;1189;40;7;L;2
1546285;1189;40;8;L;2
1546286;1189;41;1;L;2
1546287;1189;41;2;L;2
1546288;1189;41;3;L;2
1546289;1189;41;4;L;2
1546290;1189;41;5;L;2
1546291;1189;41;6;L;2
1546292;1189;41;7;L;2
1546293;1189;41;8;L;2
1546294;1189;42;1;L;2
1546295;1189;42;2;L;2
1546296;1189;42;3;L;2
1546297;1189;42;4;L;2
1546298;1189;42;5;L;2
1546299;1189;42;6;L;2
1546300;1189;42;7;L;2
1546301;1189;42;8;L;2
1546302;1189;43;1;L;2
1546303;1189;43;2;L;2
1546304;1189;43;3;L;2
1546305;1189;43;4;L;2
1546306;1189;43;5;L;2
1546307;1189;43;6;L;2
1546308;1189;43;7;L;2
1546309;1189;43;8;L;2
1546310;1189;44;1;L;2
1546311;1189;44;2;L;2
1546312;1189;44;3;L;2
1546313;1189;44;4;L;2
1546314;1189;44;5;L;2
1546315;1189;44;6;L;2
1546316;1189;44;7;L;2
1546317;1189;44;8;L;2
1546318;1189;45;1;L;2
1546319;1189;45;2;L;2
1546320;1189;45;3;L;2
1546321;1189;45;4;L;2
1546322;1189;45;5;L;2
1546323;1189;45;6;L;2
1546324;1189;45;7;L;2
1546325;1189;45;8;L;2
1546326;1189;49;1;L;2
1546327;1189;49;2;L;2
1546328;1189;49;3;L;2
1546329;1189;49;4;L;2
1546330;1189;49;5;L;2
1546331;1189;49;6;L;2
1546332;1189;49;7;L;2
1546333;1189;49;8;L;2
1546334;1189;50;1;L;2
1546335;1189;50;2;L;2
1546336;1189;50;3;L;2
1546337;1189;50;4;L;2
1546338;1189;50;5;L;2
1546339;1189;50;6;L;2
1546340;1189;50;7;L;2
1546341;1189;50;8;L;2
1546342;1189;51;1;A;2
1546343;1189;51;2;L;2
1546344;1189;51;3;L;2
1546345;1189;51;4;L;2
1546346;1189;51;5;L;2
1546347;1189;51;6;L;2
1546348;1189;51;7;L;2
1546349;1189;51;8;L;2
1546350;1189;52;1;L;2
1546351;1189;52;2;L;2
1546352;1189;52;3;L;2
1546353;1189;52;4;L;2
1546354;1189;52;5;L;2
1546355;1189;52;6;L;2
1546356;1189;52;7;L;2
1546357;1189;52;8;L;2
1546358;1189;53;1;L;2
1546359;1189;53;2;L;2
1546360;1189;53;3;L;2
1546361;1189;53;4;L;2
1546362;1189;53;5;L;2
1546363;1189;53;6;L;2
1546364;1189;53;7;L;2
1546365;1189;53;8;L;2
1546366;1189;54;1;L;2
1546367;1189;54;2;L;2
1546368;1189;54;3;L;2
1546369;1189;54;4;L;2
1546370;1189;54;5;L;2
1546371;1189;54;6;L;2
1546372;1189;54;7;L;2
1546373;1189;54;8;L;2
1546374;1189;55;1;L;2
1546375;1189;55;2;L;2
1546376;1189;55;3;L;2
1546377;1189;55;4;L;2
1546378;1189;55;5;L;2
1546379;1189;55;6;L;2
1546380;1189;55;7;L;2
1546381;1189;55;8;L;2
1546382;1189;56;1;L;2
1546383;1189;56;2;L;2
1546384;1189;56;3;L;2
1546385;1189;56;4;L;2
1546386;1189;56;5;L;2
1546387;1189;56;6;L;2
1546388;1189;56;7;L;2
1546389;1189;56;8;L;2
1546390;1189;65;1;L;2
1546391;1189;65;2;L;2
1546392;1189;65;3;L;2
1546393;1189;65;4;L;2
1546394;1189;65;5;L;2
1546395;1189;65;6;L;2
1546396;1189;65;7;L;2
1546397;1189;65;8;L;2
1546398;1189;66;1;L;2
1546399;1189;66;2;L;2
1546400;1189;66;3;L;2
1546401;1189;66;4;L;2
1546402;1189;66;5;L;2
1546403;1189;66;6;L;2
1546404;1189;66;7;L;2
1546405;1189;66;8;L;2
1546406;1189;67;1;L;2
1546407;1189;67;2;A;2
1546408;1189;67;3;L;2
1546409;1189;67;4;L;2
1546410;1189;67;5;L;2
1546411;1189;67;6;L;2
1546412;1189;67;7;L;2
1546413;1189;67;8;L;2
1546414;1189;68;1;L;2
1546415;1189;68;2;L;2
1546416;1189;68;3;L;2
1546417;1189;68;4;L;2
1546418;1189;68;5;L;2
1546419;1189;68;6;L;2
1546420;1189;68;7;L;2
1546421;1189;68;8;L;2
1546422;1189;69;1;L;2
1546423;1189;69;2;L;2
1546424;1189;69;3;L;2
1546425;1189;69;4;L;2
1546426;1189;69;5;L;2
1546427;1189;69;6;L;2
1546428;1189;69;7;L;2
1546429;1189;69;8;L;2
1546430;1189;70;1;A;2
1546431;1189;70;2;L;2
1546432;1189;70;3;L;2
1546433;1189;70;4;L;2
1485874;1189;70;5;L;2
1546435;1189;70;6;L;2
1546436;1189;70;7;L;2
1546437;1189;70;8;L;2
1546438;1189;71;1;L;2
1546439;1189;71;2;L;2
1546440;1189;71;3;L;2
1546441;1189;71;4;L;2
1546442;1189;71;5;L;2
1546443;1189;71;6;L;2
1546444;1189;71;7;L;2
1546445;1189;71;8;L;2
1546446;1189;72;1;L;2
1546447;1189;72;2;L;2
1546448;1189;72;3;L;2
1546449;1189;72;4;L;2
1546450;1189;72;5;L;2
1546451;1189;72;6;L;2
1546452;1189;72;7;L;2
1546453;1189;72;8;L;2
1546454;1189;73;1;A;2
1546455;1189;73;2;L;2
1546456;1189;73;3;L;2
1546457;1189;73;4;L;2
1546458;1189;73;5;L;2
1546459;1189;73;6;L;2
1546460;1189;73;7;L;2
1546461;1189;73;8;L;2
1546462;1189;74;1;A;2
1546463;1189;74;2;L;2
1546464;1189;74;3;L;2
1546465;1189;74;4;L;2
1546466;1189;74;5;L;2
1546467;1189;74;6;L;2
1546468;1189;74;7;L;2
1546469;1189;74;8;L;2
1546470;1189;75;1;L;2
1546471;1189;75;2;L;2
1546472;1189;75;3;L;2
1546473;1189;75;4;L;2
1546474;1189;75;5;L;2
1546475;1189;75;6;L;2
1546476;1189;75;7;L;2
1546477;1189;75;8;L;2
1546478;1189;76;1;L;2
1546479;1189;76;2;L;2
1546480;1189;76;3;L;2
1546481;1189;76;4;L;2
1546482;1189;76;5;L;2
1546483;1189;76;6;L;2
1546484;1189;76;7;L;2
1546485;1189;76;8;L;2
1546486;1189;77;1;L;2
1485927;1189;77;2;L;2
1546488;1189;77;3;L;2
1546489;1189;77;4;L;2
1546490;1189;77;5;L;2
1546491;1189;77;6;L;2
1546492;1189;77;7;L;2
1546493;1189;77;8;L;2
1546494;1189;78;1;A;2
1546495;1189;78;2;L;2
1546496;1189;78;3;L;2
1546497;1189;78;4;L;2
1546498;1189;78;5;L;2
1546499;1189;78;6;L;2
1546500;1189;78;7;L;2
1546501;1189;78;8;L;2
1546502;1189;81;1;L;2
1546503;1189;81;2;L;2
1546504;1189;81;3;L;2
1546505;1189;81;4;L;2
1546506;1189;81;5;L;2
1546507;1189;81;6;L;2
1546508;1189;81;7;L;2
1546509;1189;81;8;L;2
1546510;1189;82;1;L;2
1546511;1189;82;2;L;2
1546512;1189;82;3;L;2
1546513;1189;82;4;L;2
1546514;1189;82;5;L;2
1546515;1189;82;6;L;2
1546516;1189;82;7;L;2
1546517;1189;82;8;L;2
1546518;1189;83;1;L;2
1546519;1189;83;2;L;2
1546520;1189;83;3;L;2
1546521;1189;83;4;L;2
1546522;1189;83;5;L;2
1485963;1189;83;6;L;2
1546524;1189;83;7;L;2
1546525;1189;83;8;L;2
1546526;1189;84;1;L;2
1546527;1189;84;2;L;2
1485968;1189;84;3;L;2
1546529;1189;84;4;L;2
1546530;1189;84;5;L;2
1546531;1189;84;6;L;2
1546532;1189;84;7;L;2
1546533;1189;84;8;L;2
1546534;1189;85;1;A;2
1546535;1189;85;2;L;2
1546536;1189;85;3;L;2
1546537;1189;85;4;L;2
1546538;1189;85;5;L;2
1485979;1189;85;6;L;2
1546540;1189;85;7;L;2
1546541;1189;85;8;L;2
1546542;1189;86;1;L;2
1546543;1189;86;2;L;2
1546544;1189;86;3;L;2
1546545;1189;86;4;L;2
1546546;1189;86;5;L;2
1546547;1189;86;6;L;2
1546548;1189;86;7;L;2
1546549;1189;86;8;L;2
1546550;1189;87;1;L;2
1546551;1189;87;2;L;2
1546552;1189;87;3;L;2
1546553;1189;87;4;L;2
1546554;1189;87;5;L;2
1546555;1189;87;6;L;2
1546556;1189;87;7;L;2
1546557;1189;87;8;L;2
1546558;1189;88;1;L;2
1546559;1189;88;2;L;2
1546560;1189;88;3;L;2
1546561;1189;88;4;L;2
1546562;1189;88;5;L;2
1546563;1189;88;6;L;2
1546564;1189;88;7;L;2
1546565;1189;88;8;L;2
1546566;1189;89;1;L;2
1546567;1189;89;2;L;2
1546568;1189;89;3;L;2
1546569;1189;89;4;L;2
1546570;1189;89;5;L;2
1546571;1189;89;6;L;2
1546572;1189;89;7;L;2
1546573;1189;89;8;L;2
1546574;1189;90;1;L;2
1546575;1189;90;2;L;2
1546576;1189;90;3;L;2
1546577;1189;90;4;L;2
1546578;1189;90;5;L;2
1546579;1189;90;6;L;2
1546580;1189;90;7;L;2
1546581;1189;90;8;L;2
1546582;1189;91;1;L;2
1546583;1189;91;2;L;2
1546584;1189;91;3;L;2
1546585;1189;91;4;L;2
1546586;1189;91;5;L;2
1546587;1189;91;6;L;2
1486028;1189;91;7;L;2
1546589;1189;91;8;L;2
1546590;1189;92;1;L;2
1546591;1189;92;2;L;2
1546592;1189;92;3;L;2
1546593;1189;92;4;L;2
1546594;1189;92;5;L;2
1546595;1189;92;6;L;2
1546596;1189;92;7;L;2
1546597;1189;92;8;L;2
1546598;1189;93;1;L;2
1546599;1189;93;2;L;2
1546600;1189;93;3;L;2
1546601;1189;93;4;L;2
1546602;1189;93;5;L;2
1546603;1189;93;6;L;2
1546604;1189;93;7;L;2
1546605;1189;93;8;L;2
1546606;1189;94;1;L;2
1546607;1189;94;2;L;2
1546608;1189;94;3;L;2
1546609;1189;94;4;L;2
1546610;1189;94;5;L;2
1546611;1189;94;6;L;2
1546612;1189;94;7;L;2
1546613;1189;94;8;L;2
1546622;1189;145;1;L;2
1486055;1189;145;2;L;2
1546624;1189;145;3;L;2
1546625;1189;145;4;L;2
1546626;1189;145;5;L;2
1546627;1189;145;6;L;2
1546628;1189;145;7;L;2
1546629;1189;145;8;L;2
1546630;1189;146;1;L;2
1546631;1189;146;2;L;2
1546632;1189;146;3;A;2
1546633;1189;146;4;L;2
1546634;1189;146;5;L;2
1546635;1189;146;6;L;2
1546636;1189;146;7;L;2
1546637;1189;146;8;L;2
1546638;1189;147;1;A;2
1546639;1189;147;2;L;2
1546640;1189;147;3;L;2
1546641;1189;147;4;L;2
1546642;1189;147;5;L;2
1546643;1189;147;6;L;2
1546644;1189;147;7;L;2
1546645;1189;147;8;L;2
1546646;1189;148;1;L;2
1546647;1189;148;2;L;2
1546648;1189;148;3;L;2
1546649;1189;148;4;L;2
1546650;1189;148;5;L;2
1546651;1189;148;6;L;2
1546652;1189;148;7;L;2
1546653;1189;148;8;L;2
1546654;1189;149;1;L;2
1546655;1189;149;2;L;2
1546656;1189;149;3;L;2
1546657;1189;149;4;L;2
1546658;1189;149;5;L;2
1546659;1189;149;6;L;2
1546660;1189;149;7;L;2
1546661;1189;149;8;L;2
1546662;1189;150;1;L;2
1546663;1189;150;2;L;2
1546664;1189;150;3;L;2
1546665;1189;150;4;L;2
1546666;1189;150;5;L;2
1546667;1189;150;6;L;2
1546668;1189;150;7;L;2
1546669;1189;150;8;L;2
1546670;1189;151;1;L;2
1546671;1189;151;2;L;2
1546672;1189;151;3;L;2
1546673;1189;151;4;L;2
1546674;1189;151;5;L;2
1546675;1189;151;6;L;2
1546676;1189;151;7;L;2
1546677;1189;151;8;L;2
1546678;1189;152;1;L;2
1546679;1189;152;2;L;2
1546680;1189;152;3;L;2
1546681;1189;152;4;L;2
1546682;1189;152;5;L;2
1546683;1189;152;6;L;2
1546684;1189;152;7;L;2
1546685;1189;152;8;L;2
1546686;1189;153;1;L;2
1546687;1189;153;2;L;2
1546688;1189;153;3;L;2
1546689;1189;153;4;L;2
1546690;1189;153;5;L;2
1546691;1189;153;6;L;2
1546692;1189;153;7;L;2
1546693;1189;153;8;L;2
1546694;1189;154;1;L;2
1546695;1189;154;2;L;2
1546696;1189;154;3;L;2
1546697;1189;154;4;L;2
1546698;1189;154;5;L;2
1546699;1189;154;6;L;2
1546700;1189;154;7;L;2
1546701;1189;154;8;L;2
1546702;1189;155;1;A;2
1546703;1189;155;2;L;2
1546704;1189;155;3;L;2
1546705;1189;155;4;L;2
1546706;1189;155;5;L;2
1546707;1189;155;6;L;2
1546708;1189;155;7;L;2
1546709;1189;155;8;L;2
1546710;1189;156;1;L;2
1546711;1189;156;2;L;2
1546712;1189;156;3;L;2
1546713;1189;156;4;L;2
1546714;1189;156;5;L;2
1546715;1189;156;6;L;2
1546716;1189;156;7;L;2
1546717;1189;156;8;L;2
2034589;1252;1905;1;A;2
2034590;1252;1905;2;L;2
2034591;1252;1905;3;L;2
2034584;1252;1905;4;L;2
2034593;1252;1905;5;L;2
2034594;1252;1905;6;L;2
2034587;1252;1905;7;L;2
2034588;1252;1905;8;L;2
2034629;1252;1906;1;L;2
2034630;1252;1906;2;L;2
2034631;1252;1906;3;L;2
2034632;1252;1906;4;L;2
2034633;1252;1906;5;L;2
2034634;1252;1906;6;L;2
2034635;1252;1906;7;L;2
2034636;1252;1906;8;L;2
2034605;1252;1907;1;L;2
2034638;1252;1907;2;L;2
2034607;1252;1907;3;L;2
2034640;1252;1907;4;A;2
2034609;1252;1907;5;L;2
2034642;1252;1907;6;L;2
2034643;1252;1907;7;L;2
2034644;1252;1907;8;L;2
2034645;1252;1908;1;L;2
2034614;1252;1908;2;L;2
2034647;1252;1908;3;L;2
2034648;1252;1908;4;L;2
2034649;1252;1908;5;L;2
2034650;1252;1908;6;L;2
2034619;1252;1908;7;L;2
2034620;1252;1908;8;L;2
2034653;1252;1909;1;L;2
2034622;1252;1909;2;L;2
2034655;1252;1909;3;L;2
2034624;1252;1909;4;L;2
2034657;1252;1909;5;L;2
2034658;1252;1909;6;L;2
2034659;1252;1909;7;L;2
2034660;1252;1909;8;L;2
2165607;1262;609;1;L;2
2165672;1262;609;2;L;2
2165673;1262;609;3;L;2
2165674;1262;609;4;L;2
2165675;1262;609;5;L;2
2165676;1262;609;6;L;2
2165613;1262;609;7;L;2
2165678;1262;609;8;L;2
2165615;1262;610;1;L;2
2165680;1262;610;2;L;2
2165617;1262;610;3;L;2
2165682;1262;610;4;L;2
2165683;1262;610;5;L;2
2165684;1262;610;6;L;2
2165621;1262;610;7;L;2
2165686;1262;610;8;L;2
2165687;1262;611;1;L;2
2165624;1262;611;2;L;2
2165689;1262;611;3;L;2
2165690;1262;611;4;L;2
2165691;1262;611;5;L;2
2165692;1262;611;6;L;2
2165629;1262;611;7;L;2
2165630;1262;611;8;L;2
2165703;1262;613;1;L;2
2165640;1262;613;2;L;2
2165641;1262;613;3;L;2
2165706;1262;613;4;L;2
2165707;1262;613;5;L;2
2165644;1262;613;6;L;2
2165709;1262;613;7;L;2
2165710;1262;613;8;L;2
2165719;1262;615;1;L;2
2165656;1262;615;2;L;2
2165721;1262;615;3;L;2
2165722;1262;615;4;L;2
2165723;1262;615;5;L;2
2165724;1262;615;6;L;2
2165725;1262;615;7;L;2
2165662;1262;615;8;L;2
2165663;1262;616;1;L;2
2165728;1262;616;2;L;2
2165665;1262;616;3;L;2
2165666;1262;616;4;L;2
2165667;1262;616;5;L;2
2165668;1262;616;6;L;2
2165733;1262;616;7;L;2
2165734;1262;616;8;L;2
2297147;1295;2841;1;L;2
2297148;1295;2841;2;L;2
2297149;1295;2841;3;L;2
2297150;1295;2841;4;L;2
2297151;1295;2841;5;L;2
2297152;1295;2841;6;L;2
2297153;1295;2841;7;L;2
2297154;1295;2841;8;L;2
2297155;1295;2842;1;L;2
2297156;1295;2842;2;L;2
2297157;1295;2842;3;L;2
2297158;1295;2842;4;L;2
2297159;1295;2842;5;L;2
2297160;1295;2842;6;L;2
2297161;1295;2842;7;L;2
2297162;1295;2842;8;L;2
2297163;1295;2843;1;L;2
2297164;1295;2843;2;L;2
2297165;1295;2843;3;L;2
2297166;1295;2843;4;L;2
2297167;1295;2843;5;L;2
2297168;1295;2843;6;L;2
2297169;1295;2843;7;L;2
2297106;1295;2843;8;L;2
2297171;1295;2844;1;L;2
2297172;1295;2844;2;L;2
2297173;1295;2844;3;L;2
2297174;1295;2844;4;L;2
2297175;1295;2844;5;L;2
2297176;1295;2844;6;L;2
2297177;1295;2844;7;L;2
2297178;1295;2844;8;L;2
2297179;1295;2845;1;L;2
2297180;1295;2845;2;L;2
2297181;1295;2845;3;L;2
2297182;1295;2845;4;L;2
2297183;1295;2845;5;L;2
2297184;1295;2845;6;L;2
2297185;1295;2845;7;L;2
2297186;1295;2845;8;L;2
2297187;1295;2846;1;L;2
2297188;1295;2846;2;L;2
2297189;1295;2846;3;L;2
2297190;1295;2846;4;L;2
2297191;1295;2846;5;L;2
2297192;1295;2846;6;L;2
2297193;1295;2846;7;L;2
2297194;1295;2846;8;L;2
2297131;1295;2847;1;L;2
2297132;1295;2847;2;L;2
2297197;1295;2847;3;L;2
2297198;1295;2847;4;L;2
2297199;1295;2847;5;L;2
2297200;1295;2847;6;L;2
2297201;1295;2847;7;L;2
2297202;1295;2847;8;L;2
2297203;1295;2848;1;L;2
2297140;1295;2848;2;L;2
2297205;1295;2848;3;L;2
2297206;1295;2848;4;L;2
2297207;1295;2848;5;L;2
2297208;1295;2848;6;L;2
2297209;1295;2848;7;L;2
2297210;1295;2848;8;L;2
2726606;1393;3508;1;L;2
2726607;1393;3508;2;L;2
2726608;1393;3508;3;L;2
2726609;1393;3508;4;L;2
2726610;1393;3508;5;L;2
2726611;1393;3508;6;L;2
2726612;1393;3508;7;L;2
2726613;1393;3508;8;L;2
2729062;1393;3513;1;L;2
2729063;1393;3513;2;L;2
2729064;1393;3513;3;L;2
2729065;1393;3513;4;L;2
2729066;1393;3513;5;L;2
2729067;1393;3513;6;L;2
2729068;1393;3513;7;L;2
2729069;1393;3513;8;L;2
2729070;1393;3514;1;L;2
2729071;1393;3514;2;L;2
2729072;1393;3514;3;L;2
2729073;1393;3514;4;L;2
2729074;1393;3514;5;L;2
2729075;1393;3514;6;L;2
2729076;1393;3514;7;L;2
2729077;1393;3514;8;L;2
2729078;1393;3515;1;L;2
2729079;1393;3515;2;L;2
2729080;1393;3515;3;L;2
2729081;1393;3515;4;L;2
2729082;1393;3515;5;L;2
2729083;1393;3515;6;L;2
2729084;1393;3515;7;L;2
2729085;1393;3515;8;L;2
2729086;1393;3516;1;L;2
2729087;1393;3516;2;L;2
2729088;1393;3516;3;L;2
2729089;1393;3516;4;L;2
2729090;1393;3516;5;L;2
2729091;1393;3516;6;L;2
2729092;1393;3516;7;L;2
2729093;1393;3516;8;L;2
2729094;1393;3517;1;L;2
2729095;1393;3517;2;L;2
2729096;1393;3517;3;L;2
2729097;1393;3517;4;L;2
2729098;1393;3517;5;L;2
2729099;1393;3517;6;L;2
2729100;1393;3517;7;L;2
2729101;1393;3517;8;L;2
2729102;1393;3518;1;A;2
2729103;1393;3518;2;L;2
2729104;1393;3518;3;L;2
2729105;1393;3518;4;L;2
2729106;1393;3518;5;L;2
2729107;1393;3518;6;L;2
2729108;1393;3518;7;L;2
2729109;1393;3518;8;L;2
2729110;1393;3519;1;L;2
2729111;1393;3519;2;L;2
2729112;1393;3519;3;L;2
2729113;1393;3519;4;L;2
2729114;1393;3519;5;L;2
2729115;1393;3519;6;L;2
2729116;1393;3519;7;L;2
2729117;1393;3519;8;L;2
2729118;1393;3520;1;L;2
2729119;1393;3520;2;L;2
2729120;1393;3520;3;L;2
2729121;1393;3520;4;L;2
2729122;1393;3520;5;L;2
2729123;1393;3520;6;L;2
2729124;1393;3520;7;L;2
2729125;1393;3520;8;L;2
